overallRank,pos,posRank,halfPosRank,name,team,rpb,half,delta,vbd,hpprAdp,kept
1,RB,1,1,Jahmyr Gibbs,DET,363.0,345.5,17.5,164.2,1,False
2,RB,2,2,Bijan Robinson,ATL,362.5,340.6,21.9,163.7,2,False
3,WR,1,1,Ja'Marr Chase,CIN,308.9,286.1,22.8,136.2,3,False
4,WR,2,2,Puka Nacua,LAR,304.6,282.0,22.6,131.9,4,False
5,WR,3,3,Jaxon Smith-Njigba,SEA,267.1,249.6,17.5,94.4,5,False
6,TE,1,1,Brock Bowers,LVR,210.3,201.0,9.3,93.7,17,False
7,RB,3,4,Jonathan Taylor,IND,291.0,274.6,16.4,92.2,8,False
8,WR,4,4,Amon-Ra St. Brown,DET,260.3,245.9,14.4,87.6,6,False
9,RB,4,3,Christian McCaffrey,SF,283.4,274.9,8.5,84.6,7,False
10,WR,5,5,Justin Jefferson,MIN,245.0,230.0,15.0,72.3,10,False
11,TE,2,2,Trey McBride,ARI,185.1,179.0,6.1,68.5,26,False
12,WR,6,6,CeeDee Lamb,DAL,240.6,226.2,14.4,67.8,9,False
13,RB,5,5,James Cook,BUF,264.4,249.8,14.6,65.6,11,False
14,TE,3,3,Colston Loveland,CHI,179.6,173.2,6.4,63.0,43,True
15,RB,6,6,Ashton Jeanty,LVR,259.1,247.6,11.5,60.4,12,False
16,TE,4,4,Tyler Warren,IND,161.3,156.2,5.1,44.7,59,False
17,WR,7,7,A.J. Brown,NE,212.3,202.0,10.3,39.6,18,False
18,WR,8,8,Drake London,ATL,211.2,201.1,10.1,38.5,16,False
19,WR,9,9,Nico Collins,HOU,209.1,198.2,10.9,36.3,21,False
20,RB,7,7,Saquon Barkley,PHI,234.8,223.4,11.4,36.0,14,False
21,RB,8,8,Ken Walker,KC,232.9,223.1,9.8,34.1,20,False
22,WR,10,10,Malik Nabers,NYG,205.6,196.6,9.0,32.9,31,False
23,RB,9,11,Derrick Henry,BAL,231.0,219.6,11.4,32.3,20,False
24,WR,11,11,George Pickens,DAL,204.5,194.2,10.3,31.8,23,False
25,RB,10,10,Omarion Hampton,LAC,230.3,222.0,8.3,31.6,17,False
26,RB,11,9,Chase Brown,CIN,229.9,222.4,7.5,31.1,16,False
27,QB,1,1,Josh Allen,BUF,420.3,377.2,43.1,30.0,31,False
28,TE,5,5,Tucker Kraft,GB,145.5,141.0,4.5,28.9,71,False
29,RB,12,12,Devon Achane,MIA,227.6,218.9,8.7,28.9,18,False
30,TE,6,6,Sam LaPorta,DET,141.8,138.1,3.7,25.3,85,False
31,WR,12,12,DeVonta Smith,PHI,197.4,188.7,8.7,24.7,28,False
32,WR,13,29,Parker Washington,JAX,196.1,157.0,39.1,23.4,73,False
33,TE,7,7,Harold Fannin Jr.,CLE,139.6,136.0,3.6,23.0,87,False
34,WR,14,13,Chris Olave,NO,195.1,186.6,8.5,22.4,28,False
35,WR,15,14,Zay Flowers,BAL,192.3,184.0,8.3,19.6,29,False
36,RB,13,14,Kyren Williams,LAR,216.9,208.7,8.2,18.1,31,False
37,WR,16,15,Tee Higgins,CIN,190.7,183.3,7.4,18.0,32,False
38,RB,14,13,Jeremiyah Love,ARI,216.7,209.9,6.8,17.9,31,False
39,TE,8,8,George Kittle,SF,134.2,130.6,3.6,17.6,107,False
40,RB,15,15,Breece Hall,NYJ,215.3,208.0,7.3,16.5,34,False
41,WR,17,17,Ladd McConkey,LAC,188.9,180.7,8.2,16.2,38,False
42,WR,18,16,Emeka Egbuka,TB,188.1,180.9,7.2,15.4,35,False
43,WR,19,18,Rashee Rice,KC,187.6,180.4,7.2,14.9,25,False
44,WR,20,19,Luther Burden III,CHI,187.2,180.3,6.9,14.4,46,True
45,QB,2,5,Joe Burrow,CIN,404.2,343.9,60.3,13.9,56,False
46,WR,21,20,Garrett Wilson,NYJ,185.7,178.7,7.0,13.0,39,False
47,WR,22,21,Tetairoa McMillan,CAR,185.7,178.0,7.7,13.0,35,False
48,RB,16,16,Javonte Williams,DAL,211.2,202.7,8.5,12.4,38,False
49,WR,23,23,Jaylen Waddle,DEN,183.7,175.8,7.9,10.9,42,False
50,WR,24,22,Mike Evans,SF,183.3,176.9,6.4,10.5,50,False
51,QB,3,7,Justin Herbert,LAC,400.1,342.9,57.2,9.8,74,False
52,TE,9,9,Kyle Pitts,ATL,125.7,122.7,3.0,9.1,91,False
53,QB,4,3,Drake Maye,NE,397.7,348.2,49.6,7.4,53,True
54,WR,25,24,Terry McLaurin,WAS,179.6,172.4,7.2,6.9,45,False
55,RB,17,17,Cam Skattebo,NYG,205.7,200.5,5.2,6.9,47,True
56,QB,5,8,Caleb Williams,CHI,396.8,340.3,56.5,6.5,69,True
57,RB,18,18,David Montgomery,HOU,204.8,196.6,8.2,6.1,55,False
58,QB,6,2,Lamar Jackson,BAL,395.9,354.7,41.2,5.6,43,False
59,WR,26,25,Davante Adams,LAR,177.1,171.9,5.2,4.4,49,False
60,RB,19,19,Josh Jacobs,GB,201.2,195.3,5.9,2.4,38,False
61,TE,10,10,Dallas Goedert,PHI,117.4,114.8,2.6,0.8,125,False
62,RB,20,20,D'Andre Swift,CHI,199.0,193.1,5.9,0.2,53,False
63,WR,27,26,Jameson Williams,DET,172.7,166.3,6.4,0.0,53,False
64,TE,11,11,Dalton Kincaid,BUF,116.6,113.9,2.7,0.0,118,False
65,RB,21,21,Travis Etienne Jr.,NO,198.8,191.3,7.5,0.0,44,False
66,QB,7,4,Jayden Daniels,WAS,390.3,346.5,43.8,0.0,59,False
67,TE,12,12,Jake Ferguson,DAL,116.1,113.9,2.2,-0.5,123,False
68,QB,8,6,Jalen Hurts,PHI,389.6,343.6,45.9,-0.7,67,False
69,TE,13,13,Isaiah Likely,NYG,114.4,111.8,2.6,-2.2,129,False
70,QB,9,10,Dak Prescott,DAL,387.3,326.7,60.7,-3.0,80,False
71,WR,28,27,DJ Moore,BUF,168.4,163.2,5.2,-4.3,59,False
72,TE,14,14,Travis Kelce,KC,111.6,109.3,2.3,-5.0,110,False
73,TE,15,15,Mark Andrews,BAL,111.3,109.0,2.3,-5.3,123,False
74,WR,29,28,Christian Watson,GB,164.9,158.8,6.1,-7.8,58,False
75,RB,22,22,Quinshon Judkins,CLE,190.2,182.9,7.3,-8.5,53,False
76,TE,16,16,Chigoziem Okonkwo,WAS,107.8,105.7,2.1,-8.8,143,False
77,QB,10,9,Trevor Lawrence,JAX,378.5,330.7,47.8,-11.8,78,True
78,WR,30,30,Rome Odunze,CHI,160.8,155.5,5.3,-11.9,61,False
79,TE,17,17,Brenton Strange,JAX,103.4,101.4,2.0,-13.2,146,False
80,WR,31,31,Carnell Tate,TEN,158.6,152.9,5.7,-14.2,65,False
81,WR,32,32,Jordyn Tyson,NO,157.9,152.6,5.3,-14.8,79,False
82,RB,23,24,TreVeyon Henderson,NE,183.2,178.4,4.8,-15.6,58,False
83,RB,24,23,Bhayshul Tuten,JAX,183.2,178.5,4.7,-15.6,58,False
84,TE,18,18,Hunter Henry,NE,99.8,97.8,2.0,-16.8,149,False
85,TE,19,19,Juwan Johnson,NO,99.0,97.1,1.9,-17.6,148,False
86,WR,33,33,Brian Thomas Jr.,JAX,153.2,148.3,4.9,-19.6,68,False
87,QB,11,13,Matthew Stafford,LAR,369.7,311.4,58.3,-20.6,107,True
88,RB,25,25,Bucky Irving,TB,177.3,171.9,5.4,-21.4,56,False
89,WR,34,34,Marvin Harrison Jr.,ARI,150.1,145.1,5.0,-22.6,70,False
90,TE,20,20,T.J. Hockenson,MIN,93.7,92.0,1.7,-22.9,166,False
91,WR,35,35,Quentin Johnston,LAC,149.5,145.0,4.5,-23.2,85,True
92,QB,12,11,Jaxson Dart,NYG,367.1,324.0,43.1,-23.2,94,True
93,WR,36,36,Makai Lemon,PHI,149.3,144.9,4.4,-23.4,90,False
94,RB,26,28,Tony Pollard,TEN,173.9,168.3,5.6,-24.9,75,False
95,QB,13,12,Bo Nix,DEN,365.2,317.5,47.7,-25.1,102,False
96,TE,21,21,Terrance Ferguson,LAR,91.3,89.5,1.8,-25.3,184,False
97,RB,27,27,Rhamondre Stevenson,NE,173.0,168.6,4.4,-25.7,75,False
98,WR,37,39,Alec Pierce,IND,147.0,141.8,5.2,-25.8,79,True
99,WR,38,38,DK Metcalf,PIT,146.9,142.3,4.6,-25.9,76,False
100,QB,14,15,Jared Goff,DET,364.4,307.4,57.0,-25.9,111,False
101,WR,39,37,Jayden Reed,GB,146.5,142.4,4.1,-26.2,98,False
102,RB,28,26,Jaylen Warren,PIT,172.3,168.8,3.5,-26.4,70,False
103,TE,22,22,Kenyon Sadiq,NYJ,89.3,87.7,1.6,-27.3,172,False
104,WR,40,41,Jordan Addison,MIN,145.0,140.6,4.4,-27.7,99,False
105,RB,29,29,Jadarian Price,SEA,171.1,165.6,5.5,-27.7,64,False
106,WR,41,40,Josh Downs,IND,144.8,140.7,4.1,-27.9,94,False
107,TE,23,23,AJ Barner,SEA,88.0,86.4,1.6,-28.6,169,False
108,QB,15,14,Brock Purdy,SF,361.2,308.7,52.5,-29.1,96,True
109,TE,24,24,Dalton Schultz,HOU,86.1,84.7,1.4,-30.4,163,False
110,TE,25,25,Gunnar Helm,TEN,85.8,84.4,1.4,-30.8,191,False
111,TE,26,26,Greg Dulcich,MIA,85.5,84.0,1.5,-31.0,237,False
112,TE,27,27,Oronde Gadsden II,LAC,84.0,82.5,1.5,-32.6,153,False
113,TE,28,28,Pat Freiermuth,PIT,83.5,82.0,1.5,-33.1,195,False
114,TE,29,29,Cade Otton,TB,81.8,80.4,1.4,-34.8,202,False
115,QB,16,16,Patrick Mahomes,KC,351.6,303.2,48.4,-38.7,97,False
116,WR,42,42,Courtland Sutton,DEN,133.5,130.0,3.5,-39.2,84,False
117,TE,30,30,Michael Mayer,LVR,77.4,76.2,1.2,-39.2,297,False
118,WR,43,43,Michael Wilson,ARI,131.6,128.0,3.6,-41.2,92,True
119,WR,44,44,Chris Godwin,TB,131.2,128.0,3.2,-41.5,87,False
120,WR,45,45,Xavier Worthy,KC,130.4,127.4,3.0,-42.3,112,False
121,TE,31,31,Charlie Kolar,LAC,74.0,72.7,1.3,-42.6,346,False
122,TE,32,32,Darnell Washington,PIT,73.2,72.0,1.2,-43.3,278,False
123,TE,33,33,Mike Gesicki,CIN,72.8,71.6,1.2,-43.7,266,False
124,TE,34,34,David Njoku,LAC,72.0,70.8,1.2,-44.6,225,False
125,QB,17,17,Kyler Murray,MIN,345.5,301.9,43.6,-44.8,114,False
126,TE,35,35,Colby Parkinson,LAR,71.6,70.4,1.2,-45.0,229,False
127,WR,46,46,Matthew Golden,GB,127.6,124.7,2.9,-45.1,123,False
128,TE,36,36,Eli Stowers,PHI,71.0,69.9,1.1,-45.5,242,False
129,TE,37,37,Jonnu Smith,PIT,69.9,68.8,1.1,-46.7,396,False
130,TE,38,38,Evan Engram,DEN,69.8,68.7,1.1,-46.8,234,False
131,WR,47,47,Michael Pittman Jr.,PIT,125.5,122.5,3.0,-47.2,93,False
132,RB,30,32,Jonathon Brooks,CAR,151.6,148.0,3.6,-47.2,103,False
133,RB,31,33,Kyle Monangai,CHI,151.6,147.6,4.0,-47.2,97,False
134,WR,48,49,Stefon Diggs,WAS,125.3,122.2,3.1,-47.4,180,False
135,WR,49,48,Jakobi Meyers,JAX,125.3,122.4,2.9,-47.4,106,False
136,RB,32,31,Rico Dowdle,PIT,151.4,148.1,3.3,-47.4,87,False
137,RB,33,30,RJ Harvey,DEN,150.8,148.2,2.6,-48.0,91,False
138,TE,39,39,Jake Tonges,SF,68.1,67.1,1.0,-48.4,277,False
139,WR,50,51,Jayden Higgins,HOU,123.2,120.0,3.2,-49.5,123,False
140,WR,51,50,Wan'Dale Robinson,TEN,123.0,120.1,2.9,-49.7,106,False
141,RB,34,34,Blake Corum,LAR,148.5,144.1,4.4,-50.2,93,False
142,TE,40,40,Eli Raridon,NE,65.8,64.8,1.0,-50.7,309,False
143,WR,52,52,KC Concepcion,CLE,121.5,118.6,2.9,-51.2,126,False
144,WR,53,53,Romeo Doubs,NE,121.5,118.6,2.9,-51.2,122,False
145,RB,35,35,Chuba Hubbard,CAR,147.3,143.8,3.5,-51.5,83,False
146,TE,41,41,Dawson Knox,BUF,64.4,63.3,1.1,-52.2,299,False
147,TE,42,42,Erick All,CIN,64.3,63.3,1.0,-52.3,386,False
148,QB,18,18,Baker Mayfield,TB,337.9,296.2,41.8,-52.4,120,False
149,QB,19,21,Jordan Love,GB,337.5,288.6,48.9,-52.8,119,False
150,QB,20,20,Tyler Shough,NO,336.2,288.9,47.3,-54.1,123,False
151,TE,43,43,Mitchell Evans,CAR,62.1,61.2,0.9,-54.5,320,False
152,TE,44,44,Daniel Bellinger,TEN,59.8,59.0,0.8,-56.7,329,False
153,TE,45,45,Matthew Hibner,BAL,59.8,58.8,1.0,-56.8,386,False
154,WR,54,54,Jalen Coker,CAR,115.9,113.2,2.7,-56.9,129,False
155,RB,36,36,Kenneth Gainwell,TB,140.8,138.5,2.3,-58.0,343,False
156,TE,46,46,Elijah Arroyo,SEA,58.0,57.1,0.9,-58.5,289,False
157,TE,47,47,Tyler Higbee,LAR,58.0,57.1,0.9,-58.6,295,False
158,WR,55,56,De'Zhaun Stribling,SF,113.7,111.0,2.7,-59.0,155,False
159,RB,37,37,J.K. Dobbins,DEN,139.8,135.6,4.2,-59.0,91,False
160,WR,56,55,Rashid Shaheed,SEA,113.3,111.1,2.2,-59.4,135,False
161,WR,57,57,Travis Hunter,JAX,113.2,110.6,2.6,-59.5,157,False
162,WR,58,58,Deebo Samuel,SF,112.9,110.4,2.5,-59.8,155,False
163,WR,59,59,Denzel Boston,CLE,112.1,109.5,2.6,-60.7,160,False
164,WR,60,60,Ryan Flournoy,DAL,111.7,109.2,2.5,-61.0,167,False
165,WR,61,61,Khalil Shakir,BUF,111.4,109.0,2.4,-61.3,127,False
166,TE,48,48,Ja'Tavion Sanders,CAR,55.1,54.3,0.8,-61.5,296,False
167,TE,49,49,Cole Kmet,CHI,55.0,54.1,0.9,-61.6,293,False
168,TE,50,50,Max Klare,LAR,53.7,52.9,0.8,-62.9,288,False
169,QB,21,22,CJ Stroud,HOU,326.8,277.3,49.5,-63.5,141,False
170,WR,62,62,Jalen Nailor,LVR,108.0,105.6,2.4,-64.7,168,False
171,WR,63,63,Jauan Jennings,MIN,106.9,104.6,2.3,-65.8,155,False
172,TE,51,51,Oscar Delp,NO,50.7,50.0,0.7,-65.9,226,False
173,TE,52,52,Mason Taylor,NYJ,50.7,50.0,0.7,-65.9,257,False
174,TE,53,53,Noah Gray,KC,50.6,49.9,0.7,-65.9,290,False
175,WR,64,64,Tre Harris,LAC,106.7,104.4,2.3,-66.0,163,False
176,WR,65,65,Tre Tucker,LVR,106.3,104.2,2.1,-66.4,159,False
177,WR,66,66,Omar Cooper Jr.,NYJ,106.1,103.9,2.2,-66.6,159,False
178,TE,54,54,Elijah Higgins,ARI,49.9,49.2,0.7,-66.7,335,False
179,WR,67,67,Jalen McMillan,TB,105.6,103.3,2.3,-67.1,154,False
180,TE,55,55,Theo Johnson,NYG,48.3,47.6,0.7,-68.3,261,False
181,WR,68,69,Isaac TeSlaa,DET,104.1,101.9,2.2,-68.6,184,False
182,WR,69,68,Zachariah Branch,ATL,104.1,102.2,1.9,-68.6,216,False
183,QB,22,19,Malik Willis,MIA,321.3,289.7,31.6,-69.0,135,False
184,WR,70,70,Tank Dell,HOU,103.7,101.4,2.3,-69.1,203,False
185,RB,38,38,Jacory Croskey-Merritt,WAS,128.9,126.0,2.9,-69.8,114,False
186,TE,56,56,Tommy Tremble,CAR,46.6,45.9,0.7,-70.0,316,False
187,WR,71,71,Adonai Mitchell,NYJ,102.5,100.3,2.2,-70.2,162,False
188,RB,39,39,Jordan Mason,MIN,128.0,125.2,2.8,-70.8,114,False
189,WR,72,72,Kayshon Boutte,NE,101.8,99.6,2.2,-70.9,182,False
190,RB,40,40,Keaton Mitchell,LAC,127.2,124.8,2.4,-71.5,143,False
191,TE,57,57,Luke Musgrave,GB,44.3,43.6,0.7,-72.3,309,False
192,WR,73,73,Pat Bryant,DEN,99.6,97.6,2.0,-73.1,204,False
193,TE,58,58,Josh Oliver,MIN,43.3,42.7,0.6,-73.3,338,False
194,WR,74,74,Cyrus Allen,KC,98.9,96.9,2.0,-73.8,283,False
195,WR,75,75,Germie Bernard,PIT,98.2,96.3,1.9,-74.5,229,False
196,RB,41,41,Rachaad White,WAS,124.2,122.3,1.9,-74.6,109,False
197,TE,59,59,Jackson Hawes,BUF,41.3,40.7,0.6,-75.2,391,False
198,QB,23,23,Daniel Jones,IND,312.7,270.9,41.8,-77.6,151,False
199,WR,76,76,Jerry Jeudy,CLE,94.8,92.9,1.9,-77.9,168,False
200,TE,60,60,Riley Nowakowski,PIT,37.0,36.5,0.5,-79.5,396,False
201,RB,42,42,Chris Rodriguez Jr.,JAX,118.4,115.7,2.7,-80.3,129,False
202,TE,61,61,Noah Fant,NO,36.1,35.6,0.5,-80.5,318,False
203,QB,24,24,Sam Darnold,SEA,309.2,269.5,39.6,-81.2,142,False
204,QB,25,25,Cam Ward,TEN,308.1,263.4,44.7,-82.2,148,False
205,TE,62,62,Brock Wright,DET,33.9,33.4,0.5,-82.7,377,False
206,TE,63,63,Michael Trigg,DAL,33.8,33.3,0.5,-82.8,460,False
207,TE,64,64,Nate Boerkircher,JAX,33.2,32.7,0.5,-83.4,378,False
208,WR,77,77,Tyler Lockett,TEN,87.5,85.9,1.6,-85.2,230,False
209,TE,65,65,Ben Sinnott,WAS,31.0,30.5,0.5,-85.6,313,False
210,WR,78,78,Calvin Ridley,TEN,86.7,85.0,1.7,-86.1,185,False
211,TE,66,66,Josh Cuevas,BAL,29.2,28.7,0.5,-87.4,482,False
212,TE,67,67,Adam Trautman,DEN,28.9,28.5,0.4,-87.7,334,False
213,TE,68,68,Justin Joly,DEN,28.5,28.1,0.4,-88.1,310,False
214,TE,69,69,Jack Endries,CIN,28.5,28.0,0.5,-88.1,386,False
215,WR,79,79,Ted Hurst,TB,84.4,82.8,1.6,-88.3,382,False
216,TE,70,70,Tanner Hudson,CIN,28.3,27.8,0.5,-88.3,375,False
217,TE,71,71,Logan Thomas,FA,28.0,27.6,0.4,-88.5,396,False
218,WR,80,80,Ray-Ray McCloud III,ATL,84.2,82.7,1.5,-88.6,275,False
219,WR,81,81,Tory Horton,SEA,83.3,81.7,1.6,-89.5,237,True
220,TE,72,72,Will Kacmarek,MIA,27.0,26.6,0.4,-89.6,392,False
221,TE,73,73,Zach Ertz,WAS,27.0,26.6,0.4,-89.6,343,False
222,RB,43,43,Aaron Jones,MIN,108.8,106.7,2.1,-90.0,116,False
223,WR,82,82,Keenan Allen,FA,82.5,81.1,1.4,-90.2,259,False
224,TE,74,74,Sam Roush,CHI,26.2,25.8,0.4,-90.4,464,False
225,WR,83,83,Ja'Kobi Lane,BAL,82.1,80.6,1.5,-90.6,268,False
226,WR,84,85,Darnell Mooney,NYG,82.0,80.4,1.6,-90.7,195,False
227,WR,85,84,Malik Washington,MIA,81.8,80.5,1.3,-91.0,186,False
228,WR,86,87,Brandon Aiyuk,FA,81.4,79.9,1.5,-91.3,258,False
229,WR,87,86,Jaylin Noel,HOU,81.4,80.0,1.4,-91.3,210,False
230,WR,88,88,Dontayvion Wicks,PHI,81.2,79.7,1.5,-91.5,185,False
231,RB,44,44,Tyrone Tracy Jr.,NYG,107.2,105.4,1.8,-91.5,129,False
232,TE,75,75,Austin Hooper,NE,25.0,24.6,0.4,-91.6,396,False
233,TE,76,76,Jaheim Bell,NE,24.3,23.9,0.4,-92.3,396,False
234,WR,89,89,Xavier Legette,CAR,79.9,78.4,1.5,-92.8,255,False
235,RB,45,45,Alvin Kamara,NO,104.3,102.8,1.5,-94.5,148,False
236,TE,77,77,Luke Farrell,SF,21.9,21.6,0.3,-94.7,487,False
237,TE,78,78,Luke Schoonmaker,DAL,20.3,20.0,0.3,-96.2,350,False
238,WR,90,90,Keon Coleman,BUF,76.1,74.7,1.4,-96.6,228,False
239,TE,79,79,Bauer Sharp,TB,19.7,19.4,0.3,-96.8,482,False
240,WR,91,91,Cooper Kupp,SEA,75.8,74.5,1.3,-96.9,221,False
241,TE,80,80,Mo Alie-Cox,IND,19.6,19.2,0.4,-97.0,347,False
242,WR,92,92,Brandin Cooks,NO,75.6,74.3,1.3,-97.1,251,False
243,WR,93,93,Rashod Bateman,BAL,75.4,74.0,1.4,-97.3,201,False
244,TE,81,81,Seydou Traore,MIA,19.0,18.7,0.3,-97.6,469,False
245,TE,82,82,Charlie Woerner,ATL,18.9,18.6,0.3,-97.7,483,False
246,TE,83,83,Julian Hill,NE,18.8,18.5,0.3,-97.8,403,False
247,WR,94,94,Troy Franklin,DEN,74.4,73.1,1.3,-98.4,208,False
248,TE,84,84,Ross Dwelley,ATL,18.2,17.9,0.3,-98.4,428,False
249,WR,95,95,Malachi Fields,NYG,74.1,72.8,1.3,-98.6,248,False
250,WR,96,96,Devaughn Vele,NO,74.0,72.8,1.2,-98.7,252,False
251,QB,26,26,Bryce Young,CAR,291.4,256.0,35.3,-98.9,159,False
252,TE,85,85,Tanner Conner,MIA,17.5,17.2,0.3,-99.1,396,False
253,WR,97,98,Caleb Douglas,MIA,72.7,71.4,1.3,-100.0,281,False
254,WR,98,97,Jahan Dotson,ATL,72.7,71.5,1.2,-100.0,282,False
255,WR,99,100,Tyquan Thornton,KC,72.5,71.1,1.4,-100.3,240,False
256,WR,100,99,KaVontae Turpin,DAL,72.4,71.3,1.1,-100.3,314,False
257,TE,86,86,Johnny Mundt,JAX,16.3,16.0,0.3,-100.3,493,False
258,WR,101,101,Jalen Tolbert,MIA,71.8,70.6,1.2,-100.9,285,False
259,WR,102,102,Tyreek Hill,FA,71.3,70.1,1.2,-101.4,268,False
260,TE,87,87,Will Dissly,FA,15.1,14.8,0.3,-101.5,401,False
261,WR,103,103,Chris Bell,MIA,70.9,69.6,1.3,-101.8,252,False
262,WR,104,104,Kalif Raymond,CHI,70.1,68.9,1.2,-102.6,311,False
263,TE,88,88,Andrew Ogletree,IND,13.9,13.6,0.3,-102.7,396,False
264,TE,89,89,Will Mallory,IND,13.9,13.6,0.3,-102.7,406,False
265,WR,105,105,Zavion Thomas,CHI,69.4,68.2,1.2,-103.3,323,False
266,TE,90,90,Josiah Deguara,ARI,13.1,12.9,0.2,-103.5,396,False
267,TE,91,91,Pharaoh Brown,ARI,13.1,12.9,0.2,-103.5,396,False
268,TE,92,92,Cade Stover,HOU,12.4,12.2,0.2,-104.2,401,False
269,WR,106,106,Savion Williams,GB,68.4,67.3,1.1,-104.3,311,False
270,WR,107,107,Marvin Mims,DEN,68.1,67.0,1.1,-104.6,257,False
271,TE,93,93,John Bates,WAS,11.5,11.3,0.2,-105.1,334,False
272,TE,94,94,Tip Reiman,ARI,11.3,11.1,0.2,-105.3,396,False
273,TE,95,95,Connor Heyward,PIT,11.1,10.8,0.3,-105.5,490,False
274,TE,96,96,Nate Adkins,DEN,10.9,10.7,0.2,-105.7,396,False
275,TE,97,97,Joe Royer,CLE,10.8,10.6,0.2,-105.8,467,False
276,WR,108,108,Kendrick Bourne,ARI,66.5,65.5,1.0,-106.2,304,False
277,TE,98,98,Jeremy Ruckert,NYJ,10.2,10.0,0.2,-106.4,471,False
278,TE,99,99,Carsen Ryan,BAL,10.1,9.9,0.2,-106.5,500,False
279,QB,27,27,Fernando Mendoza,LVR,283.4,245.9,37.6,-106.9,221,False
280,WR,109,109,Chimere Dike,TEN,65.7,64.7,1.0,-107.0,233,False
281,TE,100,100,Gavin Bartholomew,MIN,9.6,9.4,0.2,-107.0,502,False
282,WR,110,110,Tutu Atwell,MIA,65.3,64.2,1.1,-107.4,321,False
283,TE,101,101,Ben Sims,MIA,9.1,8.9,0.2,-107.5,476,False
284,TE,102,102,Tucker Fisk,ATL,8.4,8.2,0.2,-108.2,396,False
285,TE,103,103,Anthony Firkser,DET,8.3,8.1,0.2,-108.3,396,False
286,RB,46,46,Woody Marks,HOU,90.3,88.8,1.5,-108.5,138,False
287,TE,104,104,Brevyn Spann-Ford,DAL,7.9,7.7,0.2,-108.7,475,False
288,TE,105,105,Jared Wiley,KC,7.7,7.5,0.2,-108.9,478,False
289,TE,106,106,Max Bredeson,MIN,7.7,7.5,0.2,-108.9,421,False
290,WR,111,112,Elijah Sarratt,BAL,63.5,62.4,1.1,-109.2,244,False
291,WR,112,111,Jack Bech,LVR,63.4,62.4,1.0,-109.3,236,False
292,QB,28,28,Aaron Rodgers,PIT,281.1,241.3,39.8,-109.3,199,False
293,WR,113,113,Brenen Thompson,LAC,63.3,62.3,1.0,-109.4,298,False
294,TE,107,107,Josh Whyle,GB,7.1,6.9,0.2,-109.5,480,False
295,TE,108,108,Reggie Gilliam,NE,6.6,6.4,0.2,-110.0,386,False
296,WR,114,114,Andrei Iosivas,CIN,62.6,61.5,1.1,-110.2,280,False
297,RB,47,47,Brian Robinson Jr.,ATL,88.5,87.1,1.4,-110.3,160,False
298,RB,48,48,Tank Bigsby,PHI,86.3,84.7,1.6,-112.4,152,False
299,WR,115,115,Antonio Williams,WAS,60.2,59.2,1.0,-112.6,204,False
300,TE,109,109,Hunter Long,JAX,4.0,3.8,0.2,-112.6,508,False
301,WR,116,116,Marquise Brown,PHI,60.0,59.1,0.9,-112.7,260,False
302,TE,110,110,Geoff Swaim,ARI,3.7,3.6,0.1,-112.8,396,False
303,TE,111,111,Foster Moreau,HOU,3.6,3.5,0.1,-112.9,414,False
304,TE,112,112,Lucas Krull,DEN,3.6,3.5,0.1,-112.9,499,False
305,TE,113,113,Jordan Akins,CLE,3.6,3.5,0.1,-112.9,409,False
306,TE,114,114,Ian Thomas,LVR,3.5,3.4,0.1,-113.0,507,False
307,TE,115,115,Harrison Bryant,HOU,3.5,3.4,0.1,-113.0,473,False
308,TE,116,116,James Mitchell,CAR,3.4,3.3,0.1,-113.1,506,False
309,TE,117,117,Eric Saubert,SEA,3.4,3.3,0.1,-113.1,488,False
310,RB,49,49,Isiah Pacheco,DET,85.7,84.5,1.2,-113.1,149,False
311,TE,118,118,Stone Smartt,NYJ,3.3,3.2,0.1,-113.2,487,False
312,WR,117,117,Elic Ayomanor,TEN,58.8,57.9,0.9,-113.9,238,False
313,RB,50,50,Tyjae Spears,TEN,84.6,83.5,1.1,-114.1,143,False
314,TE,119,119,Michael Jacobson,NO,2.3,2.2,0.1,-114.3,396,False
315,TE,120,120,Teagan Quitoriano,ATL,2.3,2.2,0.1,-114.3,497,False
316,TE,121,121,Cole Turner,WAS,2.2,2.1,0.1,-114.4,436,False
317,TE,122,122,Dallin Holker,NO,2.2,2.1,0.1,-114.4,396,False
318,TE,123,123,Durham Smythe,CHI,2.1,2.0,0.1,-114.5,376,False
319,TE,124,124,Jesper Horsted,LVR,2.0,1.9,0.1,-114.6,396,False
320,RB,51,51,Tyler Allgeier,ARI,84.1,82.8,1.3,-114.6,141,False
321,TE,125,125,Devin Culp,TB,1.7,1.6,0.1,-114.9,489,False
322,TE,126,126,Payne Durham,TB,1.6,1.5,0.1,-115.0,486,False
323,TE,127,127,Brayden Willis,SF,1.6,1.5,0.1,-115.0,506,False
324,TE,128,128,Chris Manhertz,NYG,1.5,1.4,0.1,-115.1,498,False
325,TE,129,129,Quintin Morris,BUF,1.5,1.4,0.1,-115.1,509,False
326,WR,118,118,Deion Burks,IND,56.9,56.0,0.9,-115.8,317,False
327,RB,52,52,Jonah Coleman,DEN,83.0,81.8,1.2,-115.8,158,False
328,TE,130,130,Darren Waller,MIA,0.0,0.0,0.0,-116.6,337,False
329,TE,131,131,Jelani Woods,IND,0.0,0.0,0.0,-116.6,499,False
330,TE,132,132,Albert Okwuegbunam,PHI,0.0,0.0,0.0,-116.6,396,False
331,TE,133,133,Peyton Hendershot,KC,0.0,0.0,0.0,-116.6,396,False
332,TE,134,134,Brycen Hopkins,LAR,0.0,0.0,0.0,-116.6,396,False
333,TE,135,135,Sean McKeon,DAL,0.0,0.0,0.0,-116.6,396,False
334,TE,136,136,Moliki Matavao,NO,0.0,0.0,0.0,-116.6,406,False
335,TE,137,137,Jake Briningstool,KC,0.0,0.0,0.0,-116.6,503,False
336,TE,138,138,Davis Allen,LAR,0.0,0.0,0.0,-116.6,481,False
337,TE,139,139,CJ Dippre,NE,0.0,0.0,0.0,-116.6,505,False
338,TE,140,140,Ko Kieft,TB,0.0,0.0,0.0,-116.6,396,False
339,TE,141,141,Brevin Jordan,HOU,0.0,0.0,0.0,-116.6,396,False
340,TE,142,142,Noah Togiai,PHI,0.0,0.0,0.0,-116.6,396,False
341,TE,143,143,Curtis Hodges,WAS,0.0,0.0,0.0,-116.6,396,False
342,TE,144,144,Tyler Davis,GB,0.0,0.0,0.0,-116.6,396,False
343,TE,145,145,Gerald Everett,CHI,0.0,0.0,0.0,-116.6,396,False
344,TE,146,146,Zach Gentry,PIT,0.0,0.0,0.0,-116.6,396,False
345,TE,147,147,Luke Lachey,HOU,0.0,0.0,0.0,-116.6,396,False
346,TE,148,148,Kenny Yeboah,NYJ,0.0,0.0,0.0,-116.6,396,False
347,TE,149,149,Tyler Conklin,LAC,0.0,0.0,0.0,-116.6,396,False
348,TE,150,150,Nick Boyle,BAL,0.0,0.0,0.0,-116.6,396,False
349,TE,151,151,Hayden Hurst,LAC,0.0,0.0,0.0,-116.6,396,False
350,TE,152,152,Blake Whiteheart,CLE,0.0,0.0,0.0,-116.6,501,False
351,TE,153,153,Nick Vannett,TEN,0.0,0.0,0.0,-116.6,396,False
352,TE,154,154,Grant Calcaterra,PHI,0.0,0.0,0.0,-116.6,491,False
353,TE,155,155,Kylen Granson,PHI,0.0,0.0,0.0,-116.6,488,False
354,TE,156,156,Mitchell Wilcox,NE,0.0,0.0,0.0,-116.6,396,False
355,TE,157,157,Jack Stoll,NO,0.0,0.0,0.0,-116.6,491,False
356,WR,119,119,Tez Johnson,TB,55.4,54.5,0.9,-117.3,284,False
357,RB,53,53,Zach Charbonnet,SEA,81.1,79.8,1.3,-117.6,152,False
358,WR,120,120,Nick Westbrook-Ikhine,IND,54.1,53.2,0.9,-118.7,318,False
359,WR,121,121,Van Jefferson,TEN,52.3,51.5,0.8,-120.4,310,False
360,WR,122,122,Malik Benson,LVR,51.7,50.9,0.8,-121.1,359,False
361,WR,123,123,Amari Cooper,LVR,50.8,50.0,0.8,-122.0,252,False
362,WR,124,124,Jimmy Horn Jr.,CAR,50.7,49.9,0.8,-122.1,407,False
363,WR,125,125,Colbie Young,CIN,49.9,49.1,0.8,-122.8,363,False
364,WR,126,126,Josh Reynolds,NYJ,49.8,49.0,0.8,-123.0,283,False
365,RB,54,54,Dylan Sampson,CLE,75.8,74.8,1.0,-123.0,153,False
366,RB,55,55,Ray Davis,BUF,75.4,74.3,1.1,-123.4,182,False
367,WR,127,127,Skyler Bell,BUF,49.1,48.3,0.8,-123.6,270,False
368,RB,56,56,Jaydon Blue,DAL,74.2,73.2,1.0,-124.5,205,False
369,RB,57,57,MarShawn Lloyd,GB,74.1,73.0,1.1,-124.7,190,False
370,WR,128,128,Jordan Whittington,LAR,47.4,46.7,0.7,-125.3,319,False
371,RB,58,58,Sean Tucker,TB,73.0,71.8,1.2,-125.8,181,False
372,WR,129,129,Olamide Zaccheaus,ATL,46.6,46.0,0.6,-126.1,292,False
373,WR,130,130,Zay Jones,ARI,44.8,44.1,0.7,-127.9,310,False
374,WR,131,131,Kaden Wetjen,PIT,43.9,43.2,0.7,-128.8,396,False
375,WR,132,132,Darius Slayton,NYG,43.5,42.9,0.6,-129.2,248,False
376,RB,59,59,Braelon Allen,NYJ,69.6,68.5,1.1,-129.2,189,False
377,WR,133,133,Treylon Burks,WAS,43.4,42.7,0.7,-129.4,294,False
378,RB,60,60,Mike Washington Jr.,LVR,69.0,68.0,1.0,-129.8,214,False
379,WR,134,134,Ashton Dulin,IND,42.8,42.1,0.7,-130.0,329,False
380,RB,61,61,Emmett Johnson,KC,68.3,67.4,0.9,-130.4,203,False
381,WR,135,135,Isaiah Bond,CLE,42.2,41.6,0.6,-130.5,269,False
382,WR,136,136,Christian Kirk,SF,41.6,41.1,0.5,-131.1,245,False
383,WR,137,137,Cedric Tillman,CLE,41.6,41.0,0.6,-131.1,281,False
384,WR,138,138,Kyle Williams,NE,40.7,40.0,0.7,-132.0,266,False
385,RB,62,62,Justice Hill,BAL,66.1,65.2,0.9,-132.7,236,False
386,WR,139,139,Xavier Hutchinson,HOU,39.7,39.1,0.6,-133.0,307,False
387,WR,140,140,Calvin Austin III,NYG,39.6,38.9,0.7,-133.1,284,False
388,RB,63,63,Kaytron Allen,WAS,65.7,64.7,1.0,-133.1,217,False
389,QB,29,29,Geno Smith,NYJ,256.7,226.3,30.4,-133.6,193,False
390,RB,64,64,Najee Harris,FA,64.7,63.8,0.9,-134.0,265,False
391,RB,65,65,George Holani,SEA,64.5,63.6,0.9,-134.2,231,False
392,WR,141,141,Demario Douglas,NE,38.3,37.7,0.6,-134.4,291,False
393,RB,66,66,Ty Johnson,BUF,63.4,62.5,0.9,-135.4,249,False
394,RB,67,67,Adam Randall,BAL,63.3,62.5,0.8,-135.4,266,False
395,RB,68,68,Chris Brooks,GB,62.8,61.9,0.9,-136.0,242,False
396,WR,142,142,Konata Mumpfield,LAR,36.5,36.0,0.5,-136.2,283,False
397,WR,143,143,Bryce Lance,NO,36.2,35.7,0.5,-136.5,302,False
398,RB,69,69,Emanuel Wilson,SEA,62.2,61.3,0.9,-136.6,200,False
399,RB,70,70,Nicholas Singleton,TEN,61.9,61.0,0.9,-136.9,211,False
400,WR,144,144,Reggie Virgil,ARI,34.0,33.5,0.5,-138.7,385,False
401,RB,71,71,Isaiah Davis,NYJ,59.5,58.7,0.8,-139.2,239,False
402,RB,72,72,Samaje Perine,CIN,58.4,57.6,0.8,-140.3,244,False
403,RB,73,73,Elijah Mitchell,KC,57.9,57.0,0.9,-140.9,247,False
404,WR,145,145,Joshua Palmer,BUF,31.5,31.0,0.5,-141.2,293,False
405,RB,74,74,Joe Mixon,FA,56.8,56.0,0.8,-141.9,280,False
406,RB,75,75,Demond Claiborne,MIN,55.2,54.4,0.8,-143.6,242,False
407,WR,146,146,Roman Wilson,PIT,28.9,28.5,0.4,-143.8,361,False
408,RB,76,76,Ollie Gordon II,MIA,54.9,54.1,0.8,-143.8,227,False
409,RB,77,77,Jaylen Wright,MIA,54.5,53.7,0.8,-144.3,223,False
410,WR,147,147,Tim Patrick,JAX,28.2,27.8,0.4,-144.5,263,False
411,RB,78,78,Tahj Brooks,CIN,54.3,53.5,0.8,-144.5,268,False
412,RB,79,79,LeQuint Allen Jr.,JAX,53.6,52.8,0.8,-145.2,245,False
413,WR,148,148,Brycen Tremayne,CAR,26.6,26.2,0.4,-146.1,396,False
414,WR,149,149,Luke McCaffrey,WAS,25.6,25.2,0.4,-147.1,286,False
415,WR,150,150,Demarcus Robinson,SF,25.3,25.0,0.3,-147.4,362,False
416,RB,80,80,Jordan James,SF,51.1,50.4,0.7,-147.7,241,False
417,WR,151,151,Odell Beckham Jr.,NYG,25.0,24.6,0.4,-147.8,382,False
418,WR,152,152,Greg Dortch,ARI,24.8,24.4,0.4,-147.9,333,False
419,WR,153,153,Gabe Davis,FA,24.6,24.2,0.4,-148.1,290,False
420,RB,81,81,Kaelon Black,SF,50.4,49.7,0.7,-148.4,252,False
421,RB,82,82,Brashard Smith,KC,49.8,49.1,0.7,-149.0,263,False
422,RB,83,83,Kaleb Johnson,PIT,48.9,48.2,0.7,-149.8,258,False
423,WR,154,154,Jaylin Lane,WAS,22.6,22.2,0.4,-150.1,305,False
424,WR,155,155,Nelson Agholor,BAL,22.2,21.9,0.3,-150.5,396,False
425,WR,156,156,Mitchell Tinsley,CIN,22.0,21.6,0.4,-150.8,396,False
426,RB,84,84,Seth McGowan,IND,47.8,47.2,0.6,-150.9,270,False
427,WR,157,157,Bo Melton,GB,21.4,21.0,0.4,-151.3,396,False
428,WR,158,158,Jonathan Mingo,DAL,20.7,20.4,0.3,-152.0,396,False
429,WR,159,159,Cedrick Wilson,NO,20.7,20.4,0.3,-152.0,396,False
430,WR,160,160,Dont'e Thornton Jr.,LVR,19.2,18.9,0.3,-153.5,300,False
431,WR,161,161,John Metchie III,NYJ,18.7,18.4,0.3,-154.0,305,False
432,WR,162,162,Jahdae Walker,CHI,18.0,17.7,0.3,-154.7,358,False
433,WR,163,163,Dominic Lovett,DET,17.7,17.4,0.3,-155.1,386,False
434,WR,164,164,Deandre Carter,CLE,17.1,16.8,0.3,-155.6,442,False
435,WR,165,165,Josh Cameron,JAX,16.7,16.4,0.3,-156.1,386,False
436,WR,166,166,Kevin Coleman Jr.,MIA,16.3,16.0,0.3,-156.4,328,False
437,WR,167,167,Lewis Bond,HOU,15.9,15.6,0.3,-156.9,386,False
438,WR,168,168,Tai Felton,MIN,15.7,15.5,0.2,-157.0,378,False
439,RB,85,85,Devin Singletary,NYG,41.3,40.7,0.6,-157.5,262,False
440,WR,169,169,DJ Chark Jr.,ATL,15.0,14.8,0.2,-157.7,415,False
441,WR,170,170,Russell Gage,FA,14.8,14.5,0.3,-158.0,386,False
442,WR,171,171,Jalen Royals,KC,14.4,14.1,0.3,-158.4,285,False
443,WR,172,172,David Moore,CAR,13.6,13.4,0.2,-159.1,396,False
444,QB,30,30,Jacoby Brissett,ARI,231.2,201.8,29.3,-159.1,180,False
445,WR,173,173,Noah Brown,WAS,13.4,13.2,0.2,-159.3,466,False
446,RB,86,86,James Conner,ARI,39.5,38.9,0.6,-159.3,197,False
447,QB,31,31,Tua Tagovailoa,ATL,231.0,199.9,31.1,-159.3,226,False
448,WR,174,174,Mack Hollins,NE,13.0,12.8,0.2,-159.7,265,False
449,RB,87,87,Raheim Sanders,CLE,39.1,38.5,0.6,-159.7,301,False
450,WR,175,175,Kaden Prather,BUF,12.3,12.0,0.3,-160.5,396,False
451,WR,176,176,Jake Bobo,SEA,12.1,11.9,0.2,-160.6,362,False
452,WR,177,177,Anthony Smith,DAL,12.1,11.9,0.2,-160.6,386,False
453,WR,178,178,Emmanuel Henderson Jr.,SEA,12.0,11.7,0.3,-160.8,396,False
454,WR,179,179,David Bell,CLE,11.9,11.7,0.2,-160.8,409,False
455,WR,180,180,Adam Thielen,MIN,11.7,11.5,0.2,-161.0,396,False
456,RB,88,88,Nick Chubb,FA,37.8,37.2,0.6,-161.0,316,False
457,RB,89,89,Trevor Etienne,CAR,37.5,36.9,0.6,-161.3,267,False
458,WR,181,181,Tyrell Shavers,BUF,11.0,10.8,0.2,-161.7,396,False
459,WR,182,182,Jalen Brooks,ARI,10.3,10.1,0.2,-162.4,396,False
460,WR,183,183,Tahj Washington,MIA,9.1,8.9,0.2,-163.6,448,False
461,RB,90,90,Kimani Vidal,LAC,35.2,34.6,0.6,-163.6,195,False
462,RB,91,91,DJ Giddens,IND,35.1,34.6,0.5,-163.6,240,False
463,WR,184,184,Velus Jones Jr.,CHI,8.6,8.4,0.2,-164.1,440,False
464,WR,185,185,Parris Campbell,DAL,8.5,8.3,0.2,-164.2,396,False
465,WR,186,186,Xavier Weaver,ARI,8.4,8.2,0.2,-164.4,496,False
466,WR,187,187,Bub Means,NO,7.8,7.6,0.2,-164.9,409,False
467,WR,188,188,CJ Daniels,LAR,7.8,7.6,0.2,-164.9,343,False
468,RB,92,92,Jawhar Jordan,HOU,33.6,33.1,0.5,-165.2,304,False
469,WR,189,189,Devontez Walker,BAL,7.3,7.1,0.2,-165.4,322,False
470,WR,190,190,Mason Tipton,NO,7.3,7.1,0.2,-165.5,396,False
471,WR,191,191,Michael Gallup,WAS,7.1,6.9,0.2,-165.6,416,False
472,WR,192,192,Elijah Moore,BUF,6.9,6.7,0.2,-165.8,407,False
473,WR,193,193,Barion Brown,NO,6.4,6.2,0.2,-166.4,427,False
474,WR,194,194,Jermaine Burton,CIN,4.7,4.5,0.2,-168.1,454,False
475,WR,195,195,Anthony Gould,IND,4.4,4.3,0.1,-168.3,397,False
476,WR,196,196,Kevin Austin,NO,3.9,3.8,0.1,-168.8,396,False
477,WR,197,197,Trenton Irwin,CIN,3.9,3.8,0.1,-168.8,396,False
478,WR,198,198,Jamari Thrash,CLE,3.6,3.5,0.1,-169.1,504,False
479,WR,199,199,Tylan Wallace,CLE,3.5,3.4,0.1,-169.2,396,False
480,WR,200,200,KhaDarel Hodge,ATL,3.4,3.3,0.1,-169.3,396,False
481,WR,201,201,Samori Toure,NO,3.4,3.3,0.1,-169.3,396,False
482,WR,202,202,Scott Miller,PIT,3.3,3.2,0.1,-169.4,396,False
483,WR,203,203,Marquez Callaway,NO,3.3,3.2,0.1,-169.4,396,False
484,WR,204,204,Dee Eskridge,MIA,3.3,3.2,0.1,-169.4,396,False
485,WR,205,205,Erik Ezukama,MIA,3.1,3.0,0.1,-169.6,396,False
486,RB,93,93,Craig Reynolds,DET,28.6,28.1,0.5,-170.2,396,False
487,WR,206,206,CJ Williams,JAX,2.4,2.3,0.1,-170.3,396,False
488,WR,207,207,Kameron Johnson,TB,2.3,2.2,0.1,-170.4,396,False
489,WR,208,208,Lil'Jordan Humphrey,DEN,2.2,2.1,0.1,-170.5,387,False
490,QB,32,32,Shedeur Sanders,CLE,219.6,196.2,23.5,-170.7,253,False
491,RB,94,94,Trey Benson,ARI,27.7,27.3,0.4,-171.0,249,False
492,WR,209,209,Arian Smith,NYJ,1.6,1.5,0.1,-171.1,441,False
493,WR,210,210,Allen Lazard,NYJ,1.6,1.5,0.1,-171.1,396,False
494,WR,211,211,Tyler Johnson,NYJ,1.5,1.4,0.1,-171.2,386,False
495,WR,212,212,Jason Brownlee,NYJ,1.4,1.3,0.1,-171.3,396,False
496,WR,213,213,Curtis Samuel,BUF,0.5,0.4,0.1,-172.2,445,False
497,WR,214,214,Ricky Pearsall,SF,0.0,0.0,0.0,-172.7,396,False
498,WR,215,215,Chris Brazzell II,CAR,0.0,0.0,0.0,-172.7,275,False
499,WR,216,216,Marquez Valdes-Scantling,SEA,0.0,0.0,0.0,-172.7,300,False
500,WR,217,217,DeAndre Hopkins,BAL,0.0,0.0,0.0,-172.7,427,False
501,WR,218,218,Dyami Brown,JAX,0.0,0.0,0.0,-172.7,330,False
502,WR,219,219,Jordan Watkins,SF,0.0,0.0,0.0,-172.7,389,False
503,WR,220,220,Skyy Moore,SF,0.0,0.0,0.0,-172.7,421,False
504,WR,221,221,Juju Smith-Schuster,NYG,0.0,0.0,0.0,-172.7,386,False
505,WR,222,222,KeAndre Lambert-Smith,LAC,0.0,0.0,0.0,-172.7,361,False
506,WR,223,223,Braxton Berrios,HOU,0.0,0.0,0.0,-172.7,396,False
507,WR,224,224,LaJohntay Wester,BAL,0.0,0.0,0.0,-172.7,396,False
508,WR,225,225,Byron Pringle,WAS,0.0,0.0,0.0,-172.7,396,False
509,WR,226,226,Malachi Corley,CLE,0.0,0.0,0.0,-172.7,396,False
510,WR,227,227,Britain Covey,PHI,0.0,0.0,0.0,-172.7,396,False
511,WR,228,228,Jalen Reagor,LAC,0.0,0.0,0.0,-172.7,461,False
512,WR,229,229,Javon Baker,NE,0.0,0.0,0.0,-172.7,396,False
513,WR,230,230,Trishton Jackson,MIN,0.0,0.0,0.0,-172.7,396,False
514,WR,231,231,Charlie Jones,CIN,0.0,0.0,0.0,-172.7,396,False
515,WR,232,232,Tim Jones,JAX,0.0,0.0,0.0,-172.7,396,False
516,WR,233,233,Gage Larvadain,CLE,0.0,0.0,0.0,-172.7,396,False
517,WR,234,234,Johnny Wilson,PHI,0.0,0.0,0.0,-172.7,396,False
518,WR,235,235,Chris Conley,SF,0.0,0.0,0.0,-172.7,396,False
519,WR,236,236,Ainias Smith,PHI,0.0,0.0,0.0,-172.7,451,False
520,WR,237,237,Nick Nash,ATL,0.0,0.0,0.0,-172.7,396,False
521,WR,238,238,Chris Blair,ATL,0.0,0.0,0.0,-172.7,461,False
522,WR,239,239,Tejhaun Palmer,ARI,0.0,0.0,0.0,-172.7,396,False
523,WR,240,240,Justin Shorter,BUF,0.0,0.0,0.0,-172.7,396,False
524,WR,241,241,Jalen Guyton,LVR,0.0,0.0,0.0,-172.7,396,False
525,WR,242,242,Robert Woods,PIT,0.0,0.0,0.0,-172.7,396,False
526,WR,243,243,Mecole Hardman Jr.,GB,0.0,0.0,0.0,-172.7,393,False
527,WR,244,244,Danny Gray,SF,0.0,0.0,0.0,-172.7,396,False
528,WR,245,245,Jamison Crowder,WAS,0.0,0.0,0.0,-172.7,396,False
529,WR,246,246,Ja'Lynn Polk,NE,0.0,0.0,0.0,-172.7,396,False
530,WR,247,247,Diontae Johnson,CLE,0.0,0.0,0.0,-172.7,396,False
531,WR,248,248,Trey Palmer,TB,0.0,0.0,0.0,-172.7,396,False
532,WR,249,249,Ricky White,SEA,0.0,0.0,0.0,-172.7,396,False
533,WR,250,250,Lideatrick Griffin,LVR,0.0,0.0,0.0,-172.7,396,False
534,WR,251,251,Hunter Renfrow,CAR,0.0,0.0,0.0,-172.7,396,False
535,WR,252,252,Jacob Cowing,SF,0.0,0.0,0.0,-172.7,396,False
536,WR,253,253,Zach Pascal,NYG,0.0,0.0,0.0,-172.7,396,False
537,WR,254,254,Ronnie Bell,SF,0.0,0.0,0.0,-172.7,428,False
538,WR,255,255,Ty James,MIN,0.0,0.0,0.0,-172.7,396,False
539,WR,256,256,Anthony Schwartz,MIA,0.0,0.0,0.0,-172.7,396,False
540,WR,257,257,Isaiah Hodgins,NYG,0.0,0.0,0.0,-172.7,396,False
541,WR,258,258,Cody Thompson,SEA,0.0,0.0,0.0,-172.7,396,False
542,WR,259,259,Marcus Kemp,WAS,0.0,0.0,0.0,-172.7,396,False
543,WR,260,260,Bisi Johnson,MIN,0.0,0.0,0.0,-172.7,396,False
544,WR,261,261,Brandon Powell,MIN,0.0,0.0,0.0,-172.7,396,False
545,WR,262,262,Laquon Treadwell,SEA,0.0,0.0,0.0,-172.7,396,False
546,WR,263,263,Malik Taylor,NYJ,0.0,0.0,0.0,-172.7,396,False
547,WR,264,264,Austin Trammell,LAR,0.0,0.0,0.0,-172.7,396,False
548,WR,265,265,Isaiah McKenzie,NYG,0.0,0.0,0.0,-172.7,396,False
549,WR,266,266,Daurice Fountain,DET,0.0,0.0,0.0,-172.7,396,False
550,WR,267,267,Casey Washington,ATL,0.0,0.0,0.0,-172.7,396,False
551,WR,268,268,Shedrick Jackson,LVR,0.0,0.0,0.0,-172.7,396,False
552,WR,269,269,Laviska Shenault Jr.,BUF,0.0,0.0,0.0,-172.7,396,False
553,WR,270,270,Kendrick Law,DET,0.0,0.0,0.0,-172.7,428,False
554,WR,271,271,Xavier Restrepo,TEN,0.0,0.0,0.0,-172.7,392,False
555,WR,272,272,Quez Watkins,PIT,0.0,0.0,0.0,-172.7,431,False
556,WR,273,273,Derius Davis,LAC,0.0,0.0,0.0,-172.7,407,False
557,WR,274,274,Jalin Hyatt,NYG,0.0,0.0,0.0,-172.7,396,False
558,WR,275,275,Sterlng Shepard,TB,0.0,0.0,0.0,-172.7,396,False
559,WR,276,276,James Proche,TEN,0.0,0.0,0.0,-172.7,396,False
560,WR,277,277,Xavier Gipson,NYJ,0.0,0.0,0.0,-172.7,396,False
561,WR,278,278,Equanimeous St. Brown,CHI,0.0,0.0,0.0,-172.7,396,False
562,WR,279,279,Rakim Jarrett,TB,0.0,0.0,0.0,-172.7,396,False
563,WR,280,280,Nikko Remigio,KC,0.0,0.0,0.0,-172.7,396,False
564,RB,95,95,Devin Neal,NO,26.1,25.6,0.5,-172.7,254,False
565,RB,96,96,Kyle Juszczyk,SF,25.7,25.2,0.5,-173.1,325,False
566,RB,97,97,Brittain Brown,CHI,25.4,25.0,0.4,-173.4,409,False
567,RB,98,98,Jam Miller,NE,24.9,24.5,0.4,-173.8,335,False
568,RB,99,99,Cam Akers,NO,24.9,24.5,0.4,-173.9,321,False
569,RB,100,100,Antonio Gibson,FA,24.0,23.6,0.4,-174.7,355,False
570,RB,101,101,Rasheen Ali,BAL,23.7,23.3,0.4,-175.1,336,False
571,RB,102,102,Gus Edwards,FA,23.4,23.0,0.4,-175.4,315,False
572,RB,103,103,Hunter Luepke,DAL,23.3,22.8,0.5,-175.5,353,False
573,QB,33,33,Michael Penix Jr.,ATL,214.5,189.0,25.5,-175.8,246,False
574,RB,104,104,Zavier Scott,MIN,22.3,21.9,0.4,-176.4,340,False
575,RB,105,105,Jordan Mims,NO,21.8,21.4,0.4,-177.0,386,False
576,RB,106,106,Sione Vaki,DET,21.3,20.9,0.4,-177.5,332,False
577,RB,107,107,Phil Mafah,DAL,20.4,20.0,0.4,-178.4,317,False
578,RB,108,108,Jerome Ford,CLE,18.0,17.6,0.4,-180.8,274,False
579,RB,109,109,Jeremy McNichols,WAS,17.9,17.5,0.4,-180.9,336,False
580,RB,110,110,Malik Davis,DAL,17.5,17.1,0.4,-181.3,247,False
581,RB,111,111,Alec Ingold,MIA,14.5,14.1,0.4,-184.3,411,False
582,RB,112,112,Kendall Milton,FA,12.5,12.2,0.3,-186.2,396,False
583,RB,113,113,C.J. Ham,MIN,12.2,11.9,0.3,-186.5,396,False
584,RB,114,114,Frank Gore Jr.,BUF,12.1,11.8,0.3,-186.7,369,False
585,RB,115,115,Kareem Hunt,KC,11.2,10.9,0.3,-187.6,279,False
586,RB,116,116,Jase McClellan,ATL,10.7,10.4,0.3,-188.1,396,False
587,RB,117,117,Kendre Miller,NO,9.9,9.6,0.3,-188.9,262,False
588,RB,118,118,Will Shipley,PHI,9.5,9.2,0.3,-189.3,287,False
589,RB,119,119,Darrynton Evans,CHI,8.3,8.1,0.2,-190.5,396,False
590,RB,120,120,Michael Burton,DEN,8.1,7.8,0.3,-190.7,405,False
591,RB,121,121,Tyler Goodson,IND,6.6,6.3,0.3,-192.2,349,False
592,RB,122,122,Henry Parrish Jr.,FA,6.6,6.3,0.3,-192.2,396,False
593,RB,123,123,Patrick Ricard,BAL,5.2,4.9,0.3,-193.6,415,False
594,RB,124,124,Adam Prentice,DEN,5.1,4.8,0.3,-193.7,418,False
595,RB,125,125,Roschon Johnson,CHI,5.1,4.8,0.3,-193.7,323,False
596,RB,126,126,Jarquez Hunter,LAR,4.9,4.6,0.3,-193.9,273,False
597,RB,127,127,Ty Chandler,MIN,4.2,3.9,0.3,-194.6,347,False
598,RB,128,128,Trayveon Williams,CIN,3.9,3.7,0.2,-194.8,467,False
599,RB,129,129,J'Mari Taylor,JAX,3.8,3.6,0.2,-194.9,313,False
600,RB,130,130,Le'Veon Moss,MIA,3.6,3.3,0.3,-195.2,396,False
601,RB,131,131,Ameer Abdullah,LVR,3.1,2.9,0.2,-195.6,396,False
602,RB,132,132,Raheem Mostert,LVR,3.0,2.9,0.1,-195.7,364,False
603,RB,133,133,Ronnie Rivers,LAR,2.3,2.1,0.2,-196.4,351,False
604,RB,134,134,Austin Ekeler,WAS,1.9,1.8,0.1,-196.8,323,False
605,RB,135,135,Zamir White,LVR,1.9,1.8,0.1,-196.8,421,False
606,RB,136,136,Dylan Laube,LVR,1.9,1.7,0.2,-196.8,359,False
607,RB,137,137,Carlos Washington,ATL,1.3,1.2,0.1,-197.5,396,False
608,RB,138,138,Avery Williams,ATL,1.3,1.2,0.1,-197.5,396,False
609,RB,139,139,Isaac Guerendo,SF,1.1,1.0,0.1,-197.7,274,False
610,RB,140,140,Dameon Pierce,KC,1.0,0.9,0.1,-197.8,326,False
611,RB,141,141,Julius Chestnut,TEN,1.0,0.9,0.1,-197.8,396,False
612,RB,142,142,Kenny McIntosh,SEA,0.7,0.6,0.1,-198.1,388,False
613,RB,143,143,DeeJay Dallas,JAX,0.6,0.5,0.1,-198.2,450,False
614,RB,144,144,Chris Evans,CIN,0.6,0.5,0.1,-198.2,396,False
615,RB,145,145,Emari Demercado,ARI,0.0,0.0,0.0,-198.8,260,False
616,RB,146,146,Jaleel McLaughlin,DEN,0.0,0.0,0.0,-198.8,284,False
617,RB,147,147,Michael Carter,ARI,0.0,0.0,0.0,-198.8,282,False
618,RB,148,148,Audric Estime,NO,0.0,0.0,0.0,-198.8,277,False
619,RB,149,149,Clyde Edwards-Helaire,KC,0.0,0.0,0.0,-198.8,339,False
620,RB,150,150,Damien Martinez,SEA,0.0,0.0,0.0,-198.8,353,False
621,RB,151,151,Pierre Strong Jr.,CLE,0.0,0.0,0.0,-198.8,365,False
622,RB,152,152,Khalil Herbert,IND,0.0,0.0,0.0,-198.8,367,False
623,RB,153,153,Miles Sanders,DAL,0.0,0.0,0.0,-198.8,355,False
624,RB,154,154,Raheem Blackshear,CAR,0.0,0.0,0.0,-198.8,386,False
625,RB,155,155,AJ Dillon,PHI,0.0,0.0,0.0,-198.8,358,False
626,RB,156,156,Jaydn Ott,KC,0.0,0.0,0.0,-198.8,358,False
627,RB,157,157,Nyheim Hines,CLE,0.0,0.0,0.0,-198.8,396,False
628,RB,158,158,Anthony McFarland Jr.,PIT,0.0,0.0,0.0,-198.8,396,False
629,RB,159,159,Dare Ogunbowale,HOU,0.0,0.0,0.0,-198.8,466,False
630,RB,160,160,Jonathan Ward,TEN,0.0,0.0,0.0,-198.8,396,False
631,RB,161,161,Boston Scott,LAR,0.0,0.0,0.0,-198.8,396,False
632,RB,162,162,Dillon Johnson,TEN,0.0,0.0,0.0,-198.8,396,False
633,RB,163,163,D'Onta Foreman,CLE,0.0,0.0,0.0,-198.8,472,False
634,RB,164,164,Chase Edmonds,TB,0.0,0.0,0.0,-198.8,464,False
635,RB,165,165,Jason Cabinda,DET,0.0,0.0,0.0,-198.8,396,False
636,RB,166,166,Trey Sermon,PIT,0.0,0.0,0.0,-198.8,396,False
637,RB,167,167,Donovan Edwards,NYJ,0.0,0.0,0.0,-198.8,377,False
638,RB,168,168,Jeff Wilson Jr.,MIA,0.0,0.0,0.0,-198.8,449,False
639,RB,169,169,Montrell Johnson Jr.,PHI,0.0,0.0,0.0,-198.8,455,False
640,RB,170,170,Carson Steele,KC,0.0,0.0,0.0,-198.8,396,False
641,RB,171,171,Eric Gray,NYG,0.0,0.0,0.0,-198.8,396,False
642,RB,172,172,Deuce Vaughn,DAL,0.0,0.0,0.0,-198.8,439,False
643,RB,173,173,Ty Montgomery,NE,0.0,0.0,0.0,-198.8,396,False
644,RB,174,174,Myles Gaskin,MIN,0.0,0.0,0.0,-198.8,396,False
645,RB,175,175,Israel Abanikanda,NYJ,0.0,0.0,0.0,-198.8,442,False
646,RB,176,176,Lew Nichols,PHI,0.0,0.0,0.0,-198.8,396,False
647,RB,177,177,Wendell Smallwood,WAS,0.0,0.0,0.0,-198.8,396,False
648,RB,178,178,JaMycal Hasty,NE,0.0,0.0,0.0,-198.8,396,False
649,RB,179,179,Kevin Harris,NE,0.0,0.0,0.0,-198.8,396,False
650,RB,180,180,Jonathan Williams,WAS,0.0,0.0,0.0,-198.8,396,False
651,RB,181,181,Blake Watson,DEN,0.0,0.0,0.0,-198.8,396,False
652,RB,182,182,Nick Bawden,NYJ,0.0,0.0,0.0,-198.8,396,False
653,RB,183,183,Jermar Jefferson,DET,0.0,0.0,0.0,-198.8,396,False
654,RB,184,184,Andrew Beck,HOU,0.0,0.0,0.0,-198.8,490,False
655,RB,185,185,Tyrion Davis-Price,SF,0.0,0.0,0.0,-198.8,469,False
656,RB,186,186,Kalel Mullings,TEN,0.0,0.0,0.0,-198.8,380,False
657,RB,187,187,Dontrell Hilliard,TEN,0.0,0.0,0.0,-198.8,396,False
658,RB,188,188,Tyler Badie,DEN,0.0,0.0,0.0,-198.8,425,False
659,RB,189,189,Hassan Haskins,LAC,0.0,0.0,0.0,-198.8,470,False
660,RB,190,190,Dante Miller,NYG,0.0,0.0,0.0,-198.8,396,False
661,RB,191,191,Derek Watt,PIT,0.0,0.0,0.0,-198.8,396,False
662,RB,192,192,Jashaun Corbin,NYG,0.0,0.0,0.0,-198.8,396,False
663,RB,193,193,D'Ernest Johnson,NE,0.0,0.0,0.0,-198.8,396,False
664,QB,34,34,Kirk Cousins,LVR,75.5,67.1,8.3,-314.9,250,False
665,QB,35,35,Carson Beck,ARI,71.7,64.0,7.7,-318.6,291,False
666,QB,36,36,J.J. McCarthy,MIN,40.0,37.3,2.7,-350.3,281,False
667,QB,37,37,Joe Flacco,FA,30.4,27.1,3.3,-359.9,327,False
668,QB,38,39,Drew Allar,PIT,28.6,25.9,2.7,-361.7,429,False
669,QB,39,38,Taysom Hill,NO,27.6,26.8,0.9,-362.7,460,False
670,QB,40,40,Anthony Richardson,IND,24.8,23.2,1.6,-365.5,306,False
671,QB,41,41,Zach Wilson,MIA,16.2,15.2,1.1,-374.1,362,False
672,QB,42,42,Taylen Green,CLE,15.5,14.7,0.8,-374.8,428,False
673,QB,43,43,Jalen Milroe,SEA,13.0,11.9,1.1,-377.3,386,False
674,QB,44,44,Dillon Gabriel,CLE,12.8,11.4,1.4,-377.5,396,False
675,QB,45,45,Deshaun Watson,CLE,12.2,10.8,1.4,-378.1,253,False
676,QB,46,46,Blaine Gabbert,KC,10.5,9.3,1.2,-379.8,396,False
677,QB,47,47,Mac Jones,SF,10.5,9.3,1.2,-379.8,287,False
678,QB,48,48,Tyson Bagent,CHI,10.4,9.3,1.2,-379.9,386,False
679,QB,49,50,Ty Simpson,LAR,10.4,9.2,1.2,-379.9,302,False
680,QB,50,51,Hendon Hooker,DET,10.4,9.2,1.2,-379.9,396,False
681,QB,51,52,Joshua Dobbs,NE,10.2,9.0,1.1,-380.1,396,False
682,QB,52,53,Mitchell Trubisky,BUF,10.0,8.9,1.1,-380.3,396,False
683,QB,53,54,Marcus Mariota,WAS,10.0,8.9,1.0,-380.3,332,False
684,QB,54,49,Jake Browning,CIN,10.0,9.2,0.7,-380.3,434,False
685,QB,55,55,Jarrett Stidham,DEN,9.8,8.7,1.1,-380.5,396,False
686,QB,56,56,Kyle Trask,TB,9.7,8.6,1.1,-380.6,396,False
687,QB,57,58,Nick Mullens,JAX,9.7,8.5,1.1,-380.7,396,False
688,QB,58,57,Andy Dalton,CAR,9.6,8.5,1.0,-380.7,396,False
689,QB,59,59,Taylor Heinicke,LAC,9.4,8.2,1.2,-381.0,396,False
690,QB,60,60,Justin Fields,NYJ,9.0,8.1,0.9,-381.3,303,False
691,QB,61,61,Joe Milton,DAL,7.8,7.2,0.6,-382.5,386,False
692,QB,62,62,Cooper Rush,BAL,7.8,6.9,0.9,-382.5,396,False
693,QB,63,63,Jameis Winston,NYG,5.8,4.8,0.9,-384.5,344,False
694,QB,64,65,Davis Mills,HOU,4.6,3.6,1.0,-385.7,386,False
695,QB,65,64,Cade Klubnik,NYJ,4.4,3.9,0.5,-385.9,381,False
696,QB,66,66,Spencer Rattler,NO,3.6,3.1,0.6,-386.7,386,False
697,QB,67,67,Dorian Thompson-Robinson,PHI,3.2,2.7,0.5,-387.1,396,False
698,QB,68,68,Tyrod Taylor,NYJ,0.0,0.0,0.0,-390.3,386,False
699,QB,69,69,Trey Lance,LAC,0.0,0.0,0.0,-390.3,437,False
700,QB,70,70,Sam Howell,SEA,0.0,0.0,0.0,-390.3,386,False
701,QB,71,71,Jimmy Garoppolo,LAR,0.0,0.0,0.0,-390.3,396,False
702,QB,72,72,Reid Sinnett,CIN,0.0,0.0,0.0,-390.3,396,False
703,QB,73,73,Teddy Bridgewater,DET,0.0,0.0,0.0,-390.3,396,False
704,QB,74,74,Case Keenum,HOU,0.0,0.0,0.0,-390.3,396,False
705,QB,75,75,Garrett Nussmeier,KC,0.0,0.0,0.0,-390.3,396,False
706,QB,76,76,Kyle McCord,PHI,0.0,0.0,0.0,-390.3,396,False
707,QB,77,77,Mason Rudolph,PIT,0.0,0.0,0.0,-390.3,458,False
708,QB,78,78,Jeff Driskel,WAS,0.0,0.0,0.0,-390.3,396,False
709,QB,79,79,Aidan O'Connell,LVR,0.0,0.0,0.0,-390.3,396,False
710,QB,80,80,Russell Wilson,NYG,0.0,0.0,0.0,-390.3,396,False
711,QB,81,81,Stetson Bennett,LAR,0.0,0.0,0.0,-390.3,396,False
712,QB,82,82,Tommy DeVito,NYG,0.0,0.0,0.0,-390.3,396,False
713,QB,83,83,Desmond Ridder,GB,0.0,0.0,0.0,-390.3,396,False
714,QB,84,84,Michael Pratt,GB,0.0,0.0,0.0,-390.3,396,False
715,QB,85,85,Gardner Minshew II,LVR,0.0,0.0,0.0,-390.3,370,False
716,QB,86,86,Jordan Travis,NYJ,0.0,0.0,0.0,-390.3,396,False
717,QB,87,87,Shane Buechele,KC,0.0,0.0,0.0,-390.3,396,False
718,QB,88,88,Carson Wentz,LAR,0.0,0.0,0.0,-390.3,396,False
719,QB,89,89,Trevor Siemian,NYJ,0.0,0.0,0.0,-390.3,396,False
720,QB,90,90,Will Howard,PIT,0.0,0.0,0.0,-390.3,396,False
721,QB,91,91,Devin Leary,BAL,0.0,0.0,0.0,-390.3,396,False
722,QB,92,92,Matt Barkley,BUF,0.0,0.0,0.0,-390.3,396,False
723,QB,93,93,Matt Corral,CAR,0.0,0.0,0.0,-390.3,396,False
